SYMBOL,NAME OF COMPANY,SERIES,ISIN NUMBER,FACE VALUE
RELIANCE,Reliance Industries,EQ,INE002A01018,1
TCS,Tata Consultancy Services,EQ,INE467B01029,1
HDFCBANK,HDFC Bank,EQ,INE040A01034,1
INFY,Infosys,EQ,INE009A01021,1
HINDUNILVR,Hindustan Unilever,EQ,INE030A01027,1
SBIN,State Bank of India,EQ,INE062A01020,1
ITC,ITC,EQ,INE154A01025,1
BHARTIARTL,Bharti Airtel,EQ,INE397D01024,1
LT,Larsen & Toubro,EQ,INE018A01030,1
KOTAKBANK,Kotak Mahindra Bank,EQ,INE237A01028,1
HCLTECH,HCL Technologies,EQ,INE860A01027,1
CIPLA,Cipla,EQ,INE059A01026,1
